plus_station,minus_station,plus_lat,plus_lon,minus_lat,minus_lon,distance_km,polarity_difference_mm,combined_strength_mm,minimum_strength_mm,plus_strong_10_days,minus_strong_10_days,pair_score,judgment
020962,950244,37.212112531,138.63461419,37.079134903,138.60873881,14.963240693195358,152.5551,152.5551,39.8765,191,162,12,A_境界重点
020962,950240,37.212112531,138.63461419,37.311313937,138.7899991,17.62870914315761,193.03115,193.03115,80.35255,191,165,11,A_境界重点
950238,020961,37.662293003,139.05914053,37.540339802,139.11146812,14.322725256112475,73.1398,73.1398,30.9011,181,92,11,A_境界重点
950238,970810,37.662293003,139.05914053,37.58973482,138.92029788,14.649487753929721,72.50049999999999,72.50049999999999,30.2618,181,66,11,A_境界重点
960559,960560,37.615950342,140.20568418,37.620726453,140.37293345,14.740360366682095,72.3869,72.3869,36.08860000000001,60,84,11,A_境界重点
020964,950244,37.107084092,138.45737366,37.079134903,138.60873881,13.780398875125695,70.32560000000001,70.32560000000001,30.4491,159,162,11,A_境界重点
950481,021087,31.965045293,131.07857432,31.877792205,130.97695926,13.642060856497801,69.6754,69.6754,32.7804,32,36,11,A_境界重点
07S067,960560,37.73389326,140.31685399,37.620726453,140.37293345,13.51681685211151,68.4537,68.4537,32.3651,65,84,11,A_境界重点
020962,960567,37.212112531,138.63461419,37.348538493,138.51638415,18.426796366140085,147.01805000000002,147.01805000000002,34.33945,191,11,10,A_境界重点
970812,950291,35.359729762,136.47030974,35.371708501,136.54974724,7.325238899234953,105.1911,105.1911,20.0032,86,7,10,A_境界重点
950251,960617,36.401878364,136.92056601,36.261467167,136.90427714,15.681047260420844,98.0112,98.0112,43.9002,188,31,10,A_境界重点
020963,970801,37.157614136,139.24712665,37.036933522,139.40225121,19.21863129369479,90.0502,90.0502,37.8115,171,53,10,A_境界重点
950163,960543,39.851228075,141.16489062,39.953063189,141.06635518,14.102183334907345,86.15795,86.15795,40.5907,24,163,10,A_境界重点
020933,960556,38.628404822,140.22054461,38.496759735,140.36519413,19.299050450256733,85.18,85.18,30.391300000000005,187,78,10,A_境界重点
950187,020924,39.749149014,140.59707423,39.921378725,140.53588052,19.851059573075627,83.631,83.631,37.6716,132,124,10,A_境界重点
020968,950248,36.75795025,137.15448302,36.740620415,136.99613481,14.239212348797906,81.47185,81.47185,28.014300000000002,81,189,10,A_境界重点
020986,950274,35.944600664,137.78544131,35.783617515,137.69626451,19.621563140588965,78.9717,78.9717,34.173500000000004,79,56,10,A_境界重点
020904,960543,40.106731675,141.04647676,39.953063189,141.06635518,17.17077390985675,78.60765,78.60765,33.040400000000005,162,163,10,A_境界重点
081167,960645,35.535624406,134.49150229,35.621200418,134.67738445,19.31694253832549,77.8132,77.8132,34.68195,186,131,10,A_境界重点
020986,960611,35.944600664,137.78544131,36.08466293,137.6826325,18.112417383298453,76.4118,76.4118,31.613599999999998,79,40,10,A_境界重点
970817,93079,35.066972596,138.20998586,35.103910992,138.13490431,7.971354089388054,75.03059999999999,75.03059999999999,20.195,20,35,10,A_境界重点
020939,020941,37.461286962,139.83554943,37.326208531,139.68636891,19.982135598128195,72.9893,72.9893,33.509,164,131,10,A_境界重点
960553,020908,39.702666256,140.73288071,39.554439591,140.83635247,18.713212189151044,72.7731,72.7731,34.3254,173,60,10,A_境界重点
020964,960569,37.107084092,138.45737366,37.056681021,138.24259864,19.85959883540924,72.6991,72.6991,30.4491,159,128,10,A_境界重点
960553,950165,39.702666256,140.73288071,39.701074302,140.96453342,19.818908006341353,70.92305,70.92305,34.3254,173,34,10,A_境界重点
950200,960560,37.683303766,140.46652466,37.620726453,140.37293345,10.784561004722486,70.2874,70.2874,34.1988,27,84,10,A_境界重点
960721,960720,31.552217898,130.63736138,31.591837418,130.70854603,8.05522352384707,66.7602,66.7602,22.890800000000002,19,24,10,A_境界重点
950158,07S063,40.405189199,141.71314897,40.302120622,141.7768729,12.669079220479777,56.66395,56.66395,25.32365,105,51,10,A_境界重点
950316,071156,33.741272865,136.01090098,33.820425343,136.02434747,8.88865908082569,55.8138,55.8138,24.1389,23,26,10,A_境界重点
950261,020978,35.534408154,135.90764489,35.486571388,135.75564942,14.750166094232908,55.74720000000001,55.74720000000001,27.7144,184,102,10,A_境界重点
93049,950297,34.916114575,138.92482495,34.865588812,138.92225491,5.623096364303389,54.42725,54.42725,26.978749999999998,14,32,10,A_境界重点
950153,020899,40.625058851,141.19784249,40.57997022,141.1060355,9.230921633345778,53.413399999999996,53.413399999999996,20.7328,26,115,10,A_境界重点
960721,960719,31.552217898,130.63736138,31.624094351,130.6518961,8.11000503064531,52.8647,52.8647,22.890800000000002,19,10,10,A_境界重点
940020,02P102,42.153541971,139.51960631,42.078782302,139.48920031,8.682982021575679,52.7812,52.7812,25.8142,137,16,10,A_境界重点
960634,940064,34.854900133,136.39326296,34.758997223,136.50229441,14.588090957921487,51.007400000000004,51.007400000000004,21.6503,51,83,10,A_境界重点
950163,950161,39.851228075,141.16489062,39.980557985,141.22508988,15.26981349131547,90.221,90.221,40.5907,24,184,9,A_境界重点
950318,940056,35.466285407,136.05367107,35.602559625,136.10581288,15.8705476730007,86.4395,86.4395,39.396,170,11,9,A_境界重点
940033,020931,38.758584261,140.31877589,38.752144387,140.49730367,15.49717290739003,82.0445,82.0445,26.57,42,52,9,A_境界重点
950378,021017,35.456753593,134.04667568,35.340591044,134.15595377,16.277226532251838,79.94030000000001,79.94030000000001,32.6812,176,20,9,A_境界重点
950318,950317,35.466285407,136.05367107,35.557330113,136.19795069,16.523576940237287,79.59355,79.59355,39.396,170,24,9,A_境界重点
021089,960720,31.743778192,130.73568141,31.591837418,130.70854603,17.08910159548507,78.2101,78.2101,34.3407,68,24,9,A_境界重点
950489,960720,31.617371944,130.83607286,31.591837418,130.70854603,12.406444731500168,72.0429,72.0429,28.1735,12,24,9,A_境界重点
00R015,940046,36.559124388,137.72082559,36.499766223,137.85113039,13.3835699951167,69.41725,69.41725,25.027250000000002,161,23,9,A_境界重点
021071,950465,32.709233562,130.74837851,32.842101046,130.76480652,14.853809549575963,68.3393,68.3393,22.4319,61,13,9,A_境界重点
041138,950250,36.576967462,137.59597979,36.578704964,137.43990454,13.938056620770606,68.3051,68.3051,26.2848,27,109,9,A_境界重点
020986,960614,35.944600664,137.78544131,35.880002577,137.59827877,18.32227200557048,67.61850000000001,67.61850000000001,22.820300000000003,79,46,9,A_境界重点
960544,950190,39.351283092,140.76922114,39.326987333,140.55981385,18.210317151067503,66.3109,66.3109,31.566499999999998,167,15,9,A_境界重点
020968,02P207,36.75795025,137.15448302,36.762173625,137.2245845,6.2625300354565665,66.0769,66.0769,28.014300000000002,81,6,9,A_境界重点
950273,00R019,36.121109027,137.98301746,36.20082009,138.05917996,11.194277573891661,63.622249999999994,63.622249999999994,20.1722,17,59,9,A_境界重点
021083,960712,32.527929762,131.36470697,32.384395525,131.33401957,16.21791661113689,63.054100000000005,63.054100000000005,25.2871,49,32,9,A_境界重点
020850,950103,44.990502923,142.29225993,45.00239647,142.53709082,19.296799050314807,62.1504,62.1504,26.7284,59,68,9,A_境界重点
960697,960696,32.660648463,130.2907218,32.722571677,130.35227998,8.977516599062502,60.8541,60.8541,18.60755,12,22,9,A_境界重点
031114,950416,33.932796775,134.51002862,34.059905903,134.56014158,14.869762811045652,59.950199999999995,59.950199999999995,24.833,49,14,9,A_境界重点
950237,970810,37.667521534,138.78052426,37.58973482,138.92029788,15.044200137453883,59.54955,59.54955,29.287750000000003,78,66,9,A_境界重点
021083,960711,32.527929762,131.36470697,32.557046378,131.5306786,15.890913551058901,59.0636,59.0636,21.296599999999998,49,40,9,A_境界重点
950237,970806,37.667521534,138.78052426,37.77698784,138.88046108,15.014012598415807,58.948100000000004,58.948100000000004,29.287750000000003,78,110,9,A_境界重点
950237,970807,37.667521534,138.78052426,37.498654653,138.77955801,18.777333487460126,58.06485000000001,58.06485000000001,28.7771,78,101,9,A_境界重点
940013,020882,43.177850848,141.03091803,43.140393065,141.20329507,14.589024575297477,57.829800000000006,57.829800000000006,20.908450000000002,133,18,9,A_境界重点
020903,950159,40.271029596,141.48488142,40.291134317,141.29370403,16.3706640278215,57.806200000000004,57.806200000000004,26.2695,122,183,9,A_境界重点
020912,940029,38.995444427,141.14857577,39.110604694,141.20397037,13.66946268188178,57.6367,57.6367,25.554299999999998,72,19,9,A_境界重点
041129,960635,34.603333613,136.43194033,34.648748424,136.32976196,10.625959232227265,57.4655,57.4655,23.027099999999997,13,83,9,A_境界重点
020968,960573,36.75795025,137.15448302,36.649561272,137.03190698,16.26864923986151,57.3784,57.3784,28.014300000000002,81,169,9,A_境界重点
950157,950159,40.29106137,141.07649317,40.291134317,141.29370403,18.42295830918845,55.817,55.817,24.2803,60,183,9,A_境界重点
940035,960556,38.33101905,140.3661279,38.496759735,140.36519413,18.429702878287078,55.0158,55.0158,24.624499999999998,37,78,9,A_境界重点
020958,141206,35.929927937,138.92605999,35.753921695,138.95355694,19.72732148126771,54.06485000000001,54.06485000000001,23.8148,30,92,9,A_境界重点
960554,950190,39.199082534,140.50672786,39.326987333,140.55981385,14.938652474369569,53.8108,53.8108,22.2443,111,15,9,A_境界重点
021052,950443,33.607022225,133.15449136,33.468401957,133.28091456,19.36190258680336,53.14855,53.14855,20.4241,67,56,9,A_境界重点
010845,020942,37.361820749,140.32441971,37.293039213,140.2127732,12.487880745821435,52.87475,52.87475,20.328049999999998,48,17,9,A_境界重点
201238,960573,36.590548244,137.21336352,36.649561272,137.03190698,17.473223680492453,52.13855,52.13855,22.77445,116,169,9,A_境界重点
940051,960567,37.397678191,138.57441296,37.348538493,138.51638415,7.493371804295924,51.964150000000004,51.964150000000004,17.6247,10,11,9,A_境界重点
93093,93092,34.715251301,138.05354374,34.738308217,138.22560516,15.932097573270674,50.285700000000006,50.285700000000006,22.5862,39,53,9,A_境界重点
021009,021010,34.29292668,136.00264664,34.241964786,135.85479521,14.72096753465913,49.4731,49.4731,24.030099999999997,48,78,9,A_境界重点
07S066,950171,38.986178085,141.66985945,39.02375763,141.73991304,7.355460047004251,49.1948,49.1948,20.904999999999998,24,18,9,A_境界重点
201238,020970,36.590548244,137.21336352,36.472799203,137.23923259,13.295545182975442,47.394149999999996,47.394149999999996,22.77445,116,30,9,A_境界重点
052007,16P217,27.067533449,142.19502213,27.094043154,142.19453964,2.948131724121179,44.3928,44.3928,19.9926,49,22,9,A_境界重点
051141,021056,33.103913131,132.96168705,33.193139352,132.97213129,9.969035889420336,44.3621,44.3621,20.460299999999997,25,16,9,A_境界重点
960721,960722,31.552217898,130.63736138,31.49614881,130.69940896,8.570780965036548,43.2128,43.2128,20.322000000000003,19,11,9,A_境界重点
940044,970802,36.697026546,138.9062763,36.778060657,138.94483059,9.643323907056878,42.18875,42.18875,20.42035,18,15,9,A_境界重点
960570,950245,36.950871327,137.89388197,37.04517338,137.87385764,10.635629899171636,41.7628,41.7628,20.6703,52,84,9,A_境界重点
970812,950294,35.359729762,136.47030974,35.227904467,136.59344848,18.432657361988035,103.43305000000001,103.43305000000001,18.245150000000002,86,12,8,A_境界重点
020982,950265,36.856687002,138.62426299,36.801708556,138.43617681,17.82161574864942,86.967,86.967,36.7277,171,4,8,A_境界重点
950196,020932,38.594029422,139.83179925,38.701159451,139.67455581,18.12118873383999,85.4635,85.4635,18.5534,190,53,8,A_境界重点
020981,93070,35.467691704,138.60687233,35.496588964,138.81404113,19.031445839975188,77.84209999999999,77.84209999999999,35.84785,71,6,8,A_境界重点
950261,940056,35.534408154,135.90764489,35.602559625,136.10581288,19.460098087575965,74.75789999999999,74.75789999999999,27.7144,184,11,8,A_境界重点
970817,970818,35.066972596,138.20998586,35.044883195,138.08168709,11.933680223321694,72.3719,72.3719,17.5363,20,14,8,A_境界重点
970817,000842,35.066972596,138.20998586,34.954346403,138.24990148,13.040406643884898,70.70545,70.70545,15.86985,20,18,8,A_境界重点
940058,960618,36.135992168,137.34791627,36.285641703,137.36302679,16.69540100262842,70.1001,70.1001,24.345,78,19,8,A_境界重点
950493,960728,30.381718289,130.63838091,30.236349566,130.55455269,18.05660163939677,67.2644,67.2644,25.1074,40,26,8,A_境界重点
960572,950250,36.73695784,137.36952428,36.578704964,137.43990454,18.683299781724475,65.623,65.623,23.602700000000002,14,109,8,A_境界重点
970796,940029,39.126989742,140.98850073,39.110604694,141.20397037,18.677508973504683,65.5108,65.5108,25.554299999999998,71,19,8,A_境界重点
93049,93062,34.916114575,138.92482495,34.878474673,139.12436491,18.67308275378867,65.48275000000001,65.48275000000001,27.448500000000003,14,176,8,A_境界重点
021089,960719,31.743778192,130.73568141,31.624094351,130.6518961,15.490692808253511,64.3146,64.3146,29.9739,68,10,8,A_境界重点
091174,960540,40.575174313,140.29500755,40.624336125,140.47854109,16.431256510426955,63.6811,63.6811,20.6704,23,162,8,A_境界重点
950238,960571,37.662293003,139.05914053,37.752061618,139.07393045,10.066253563994584,62.91374999999999,62.91374999999999,20.67505,181,9,8,A_境界重点
020937,940040,37.669285308,139.9726925,37.643693321,139.79153276,16.199690699160698,62.8953,62.8953,21.0713,15,11,8,A_境界重点
091177,020874,43.333421975,142.94661205,43.366470394,143.18704862,19.78550572495194,62.27565,62.27565,22.1297,31,20,8,A_境界重点
960572,02P207,36.73695784,137.36952428,36.762173625,137.2245845,13.214424483363898,61.6653,61.6653,23.602700000000002,14,6,8,A_境界重点
081167,950341,35.535624406,134.49150229,35.436745621,134.58249942,13.73924202057831,61.444050000000004,61.444050000000004,18.3128,186,21,8,A_境界重点
020987,960615,35.878418084,138.09571186,35.726292762,137.98389374,19.693304175889654,59.17635,59.17635,24.42315,17,30,8,A_境界重点
950489,960719,31.617371944,130.83607286,31.624094351,130.6518961,17.455086329300766,58.147400000000005,58.147400000000005,28.1735,12,10,8,A_境界重点
07S065,950171,39.157856078,141.83520857,39.02375763,141.73991304,17.028794099564266,57.8414,57.8414,28.2898,84,18,8,A_境界重点
151213,021042,34.053208257,134.05000565,33.934564006,134.21116408,19.86928495527684,56.53725,56.53725,20.64845,21,122,8,A_境界重点
950172,950171,38.902836698,141.57265593,39.02375763,141.73991304,19.74610385205301,56.1226,56.1226,27.8328,82,18,8,A_境界重点
020938,960560,37.591086076,140.57168542,37.620726453,140.37293345,17.815887729928658,55.77085000000001,55.77085000000001,19.68225,31,84,8,A_境界重点
221248,93062,35.007072958,139.08060093,34.878474673,139.12436491,14.845455820389928,54.879149999999996,54.879149999999996,16.8449,10,176,8,A_境界重点
020852,020851,44.743240468,142.03871694,44.916064093,142.0217831,19.263453170245707,54.0214,54.0214,22.1118,18,30,8,A_境界重点
010844,091175,40.834397844,140.81054882,40.921146293,140.9902364,17.9241464812762,52.0245,52.0245,25.1759,34,29,8,A_境界重点
950199,970803,38.197537923,140.07760832,38.288975297,140.19995432,14.749134082749821,51.89585,51.89585,17.43645,88,11,8,A_境界重点
960559,950202,37.615950342,140.20568418,37.566945074,140.07270971,12.921401558707377,51.79089999999999,51.79089999999999,15.4926,60,10,8,A_境界重点
950367,970824,34.038163963,135.96373909,34.179951819,136.09699164,19.976855676883016,51.7003,51.7003,20.7229,146,23,8,A_境界重点
950273,960609,36.121109027,137.98301746,36.22836878,137.87175669,15.555705599105858,50.8776,50.8776,20.1722,17,58,8,A_境界重点
020976,950282,35.901413306,136.65774559,35.866940269,136.86318656,18.901060147920457,50.714600000000004,50.714600000000004,25.1039,113,19,8,A_境界重点
020935,950198,37.920580697,139.87943748,37.963602323,140.09356031,19.37664575647798,50.6537,50.6537,21.4221,104,22,8,A_境界重点
93093,960625,34.715251301,138.05354374,34.634540153,138.15903903,13.176174423351062,49.991200000000006,49.991200000000006,22.5862,39,25,8,A_境界重点
960686,021064,33.697402842,131.01653523,33.564732749,130.99543,14.88108521119087,49.791650000000004,49.791650000000004,22.4948,124,17,8,A_境界重点
99R004,940046,36.460098024,137.96385944,36.499766223,137.85113039,11.001807087186279,48.61905,48.61905,23.5918,11,23,8,A_境界重点
051141,031124,33.103913131,132.96168705,33.060120902,132.82207853,13.888811295385558,48.3335,48.3335,20.460299999999997,25,84,8,A_境界重点
950279,020970,36.335509901,137.14717949,36.472799203,137.23923259,17.34695248789456,47.685249999999996,47.685249999999996,23.065549999999998,51,30,8,A_境界重点
950273,960608,36.121109027,137.98301746,36.239029447,137.98455704,13.112880539055533,47.00005,47.00005,20.1722,17,21,8,A_境界重点
02S043,950295,34.876715807,138.01692895,35.031517708,137.98041834,17.531848113854164,46.0961,46.0961,21.7064,89,33,8,A_境界重点
960529,950147,41.976682345,140.71544096,42.042963472,140.80554569,10.475694422197751,45.78645,45.78645,20.123900000000003,26,37,8,A_境界重点
950269,03S046,36.346014224,138.63780498,36.379950241,138.47795214,14.802707348838354,45.224250000000005,45.224250000000005,21.7098,12,36,8,A_境界重点
021020,940074,35.309724344,132.90269932,35.433873447,133.05865968,19.76197508777897,45.14605,45.14605,21.285349999999998,151,112,8,A_境界重点
010844,02P103,40.834397844,140.81054882,40.89748675,140.85921686,8.121650297585346,44.0497,44.0497,17.2011,34,21,8,A_境界重点
020979,950263,35.904932612,138.44422079,35.855978705,138.3164013,12.73758275111586,43.7024,43.7024,20.423099999999998,19,12,8,A_境界重点
950233,960565,38.063276988,138.47169986,38.023684728,138.36989991,9.942514355150614,43.2252,43.2252,21.0987,23,9,8,A_境界重点
93085,960620,34.77607503,138.78606249,34.855033177,138.77652401,8.822821065207913,43.0816,43.0816,20.299,3,21,8,A_境界重点
99R004,99R006,36.460098024,137.96385944,36.459134552,138.05243668,7.922310778661584,43.00515,43.00515,19.41335,11,20,8,A_境界重点
93093,960622,34.715251301,138.05354374,34.679922668,138.09828998,5.6715270273969685,42.7025,42.7025,20.1163,39,7,8,A_境界重点
02S043,141209,34.876715807,138.01692895,34.943710795,138.08701182,9.81498839880913,42.645700000000005,42.645700000000005,18.256,89,18,8,A_境界重点
940062,960639,35.094726483,136.15823571,35.085722614,136.04120301,10.695184118999162,41.751,41.751,18.6586,50,48,8,A_境界重点
051141,081172,33.103913131,132.96168705,33.081764421,133.10615089,13.68140709406906,41.599849999999996,41.599849999999996,20.460299999999997,25,22,8,A_境界重点
231252,02P122,32.431935139,131.62719961,32.428620282,131.6696035,3.996785512388489,39.8672,39.8672,17.1067,14,6,8,A_境界重点
93051,960594,34.784420325,139.38139384,34.761545429,139.43401782,5.438072527426871,38.90815,38.90815,15.465399999999999,14,14,8,A_境界重点
07S066,02P205,38.986178085,141.66985945,39.019750449,141.7533201,8.120818832093681,38.5736,38.5736,17.668599999999998,24,14,8,A_境界重点
950421,191228,33.877515988,134.05819687,33.869573115,133.97860223,7.401205540482788,38.157399999999996,38.157399999999996,17.0136,23,26,8,A_境界重点
071162,02P105,38.51119102,139.53385018,38.563333064,139.54599019,5.893295315677039,37.748599999999996,37.748599999999996,14.836799999999998,30,20,8,A_境界重点
031111,221247,33.799082034,135.87108955,33.81560892,135.78210712,8.424267955605535,37.284000000000006,37.284000000000006,17.066300000000002,13,13,8,A_境界重点
041130,950374,33.747604757,135.58993511,33.785488481,135.50839753,8.634414703772851,37.0557,37.0557,16.061,23,17,8,A_境界重点
93051,960595,34.784420325,139.38139384,34.737614727,139.35858538,5.6061176475604775,32.001099999999994,32.001099999999994,15.465399999999999,14,15,8,A_境界重点
960677,950397,34.383398907,133.78067889,34.438568191,133.79673721,6.308942420963382,30.1997,30.1997,12.8584,12,13,8,A_境界重点
020894,950150,41.466153966,141.09447333,41.455291521,140.88051225,17.870358898135326,84.94375,84.94375,15.0512,85,14,7,B_境界候補
950384,021021,35.392613626,132.74321984,35.233077616,132.66901447,18.974396404182055,83.24425,83.24425,16.2571,13,24,7,B_境界候補
970817,93074,35.066972596,138.20998586,35.200978613,138.2535164,15.417627176809619,73.80235,73.80235,18.96675,20,75,7,B_境界候補
970817,141209,35.066972596,138.20998586,34.943710795,138.08701182,17.700458973887965,73.0916,73.0916,18.256,20,18,7,B_境界候補
960772,021067,32.945584656,129.9896912,33.073384923,129.86295617,18.482391683074656,71.58165,71.58165,17.94075,14,28,7,B_境界候補
960578,950255,36.370067623,136.60534158,36.394454954,136.38895026,19.56034498405163,68.32645,68.32645,20.88225,187,7,7,B_境界候補
960529,960528,41.976682345,140.71544096,42.123139316,140.66687212,16.771775193687077,64.78425,64.78425,20.123900000000003,26,7,7,B_境界候補
950193,020929,39.051886579,140.62962838,39.05436725,140.4473721,15.740201516154524,62.40725,62.40725,19.61835,191,21,7,B_境界候補
95105,93062,35.040628419,139.17103599,34.878474673,139.12436491,18.525510858148994,62.1358,62.1358,24.10155,7,176,7,B_境界候補
960607,93070,35.511868032,139.02578033,35.496588964,138.81404113,19.241938124082836,60.858200000000004,60.858200000000004,25.010350000000003,20,6,7,B_境界候補
201238,02P207,36.590548244,137.21336352,36.762173625,137.2245845,19.110090200367363,60.83705,60.83705,22.77445,116,6,7,B_境界候補
022005,020872,43.52864168,141.84482067,43.504213564,141.61677033,18.588592242478587,58.9619,58.9619,17.1417,12,93,7,B_境界候補
960697,960694,32.660648463,130.2907218,32.793012118,130.33596545,15.314580892294448,58.74065,58.74065,18.60755,12,38,7,B_境界候補
950420,021042,33.878930953,134.38910627,33.934564006,134.21116408,17.54807870524366,58.3136,58.3136,22.424799999999998,9,122,7,B_境界候補
950387,021023,35.019771713,132.72051045,34.856744885,132.68516428,18.4118577687242,58.244,58.244,20.7156,96,8,7,B_境界候補
031114,950422,33.932796775,134.51002862,33.830240985,134.66779542,18.497364491326252,57.213699999999996,57.213699999999996,22.0965,49,7,7,B_境界候補
020975,950259,36.109732159,136.04895471,35.945003504,135.98976975,19.07457665254764,57.08075,57.08075,20.446649999999998,190,3,7,B_境界候補
93046,93062,35.014826671,138.99792839,34.878474673,139.12436491,19.04413437592514,56.91575,56.91575,18.8815,27,176,7,B_境界候補
021083,950477,32.527929762,131.36470697,32.684831438,131.32761744,17.789213825144543,56.77420000000001,56.77420000000001,19.0072,49,23,7,B_境界候補
960638,950317,35.420355581,136.2647509,35.557330113,136.19795069,16.387718196796104,56.67875,56.67875,16.4812,14,24,7,B_境界候補
020850,970779,44.990502923,142.29225993,45.126772964,142.35184179,15.85878498790738,53.4586,53.4586,18.0366,59,20,7,B_境界候補
071153,021042,33.774573513,134.11417011,33.934564006,134.21116408,19.917584025510592,53.4369,53.4369,17.548099999999998,13,122,7,B_境界候補
950367,111188,34.038163963,135.96373909,34.081810241,135.753219,19.991084491822463,53.205600000000004,53.205600000000004,22.2282,146,5,7,B_境界候補
950421,021042,33.877515988,134.05819687,33.934564006,134.21116408,15.476565157497232,52.9024,52.9024,17.0136,23,122,7,B_境界候補
960772,021068,32.945584656,129.9896912,32.768303252,129.95895183,19.920802106141753,52.60595,52.60595,17.94075,14,66,7,B_境界候補
021015,111187,35.506934864,133.49514155,35.434935772,133.33893646,16.254063868648174,52.503600000000006,52.503600000000006,21.5182,3,50,7,B_境界候補
950209,020941,37.261070179,139.87145049,37.326208531,139.68636891,17.902932652934645,50.483000000000004,50.483000000000004,16.974,11,131,7,B_境界候補
950206,950207,37.302796895,139.36436763,37.281487378,139.50379011,12.559121290480261,49.24594999999999,49.24594999999999,17.15895,15,15,7,B_境界候補
99R004,950270,36.460098024,137.96385944,36.322371306,137.90282291,16.259855498534527,49.2458,49.2458,23.5918,11,23,7,B_境界候補
031125,021058,32.86948362,132.98216935,32.961068813,132.8314627,17.366977233421466,49.073600000000006,49.073600000000006,20.636200000000002,11,55,7,B_境界候補
051141,021058,33.103913131,132.96168705,32.961068813,132.8314627,19.991500931875354,48.8977,48.8977,20.460299999999997,25,55,7,B_境界候補
020852,950105,44.743240468,142.03871694,44.728494425,142.26524838,17.96830193275749,48.5155,48.5155,22.1118,18,92,7,B_境界候補
950489,960722,31.617371944,130.83607286,31.49614881,130.69940896,18.691548821104767,48.49550000000001,48.49550000000001,20.322000000000003,12,11,7,B_境界候補
020910,940029,39.235354325,141.31172255,39.110604694,141.20397037,16.69420708442197,47.870099999999994,47.870099999999994,22.3158,74,19,7,B_境界候補
93049,960620,34.916114575,138.92482495,34.855033177,138.77652401,15.136326493036607,47.7475,47.7475,20.299,14,21,7,B_境界候補
950269,020957,36.346014224,138.63780498,36.200266292,138.70299238,17.227832445518352,46.29795,46.29795,22.7835,12,18,7,B_境界候補
021009,970824,34.29292668,136.00264664,34.179951819,136.09699164,15.265274875964256,46.1659,46.1659,20.7229,48,23,7,B_境界候補
020991,950282,35.723487217,136.78462465,35.866940269,136.86318656,17.454181360801417,45.960350000000005,45.960350000000005,20.856450000000002,29,19,7,B_境界候補
950173,020913,38.815325283,140.99063335,38.93401117,140.83323457,18.969063553522528,45.465199999999996,45.465199999999996,22.0599,18,33,7,B_境界候補
95105,161217,35.040628419,139.17103599,35.149581889,139.11052537,13.30723582588771,45.429950000000005,45.429950000000005,21.328400000000002,7,11,7,B_境界候補
051145,020914,38.901913748,141.28325248,38.743199691,141.31792799,17.902031489374746,45.072649999999996,45.072649999999996,21.01245,44,10,7,B_境界候補
021013,950374,33.658344203,135.53384499,33.785488481,135.50839753,14.332355135385136,44.885,44.885,16.061,116,17,7,B_境界候補
051141,960684,33.103913131,132.96168705,33.21543286,133.12863664,19.8818217442556,44.7172,44.7172,20.460299999999997,25,79,7,B_境界候補
041129,940064,34.603333613,136.43194033,34.758997223,136.50229441,18.46581849255089,44.6774,44.6774,21.6503,13,83,7,B_境界候補
081170,960643,35.206648571,135.7748114,35.053135545,135.77330685,17.070418020654024,44.265100000000004,44.265100000000004,21.8022,11,15,7,B_境界候補
021084,02P122,32.316230394,131.58303381,32.428620282,131.6696035,14.90898097370173,44.2202,44.2202,21.459699999999998,19,6,7,B_境界候補
020917,131195,38.571798456,140.72777055,38.548635825,140.85022446,10.954361027934203,44.1151,44.1151,18.1019,107,21,7,B_境界候補
021000,071156,33.877001603,135.92830434,33.820425343,136.02434747,10.873994029721102,44.061350000000004,44.061350000000004,19.92245,14,26,7,B_境界候補
02S043,970820,34.876715807,138.01692895,34.849413101,138.17674712,14.89413729177163,43.703,43.703,19.3133,89,13,7,B_境界候補
181226,950416,33.992017428,134.45392983,34.059905903,134.56014158,12.360918564148303,43.6567,43.6567,18.823700000000002,17,14,7,B_境界候補
960704,960703,32.844998937,131.13214964,32.950649986,131.09342542,12.291607685414363,43.634,43.634,19.587699999999998,19,14,7,B_境界候補
940055,950257,36.231171447,136.17298181,36.14561819,136.27895189,13.45141880678618,43.411699999999996,43.411699999999996,16.376,188,14,7,B_境界候補
93035,950230,35.304900085,139.26269772,35.268600273,139.14241802,11.63948777176134,42.9106,42.9106,18.59495,10,17,7,B_境界候補
950420,960675,33.878930953,134.38910627,33.789531304,134.30146886,12.81956428427921,42.84505,42.84505,20.42025,9,15,7,B_境界候補
091176,950205,37.336691283,140.80848126,37.32546354,140.6621458,12.998497324346488,42.56535000000001,42.56535000000001,17.353450000000002,78,15,7,B_境界候補
93090,950295,34.941344667,137.81794259,35.031517708,137.98041834,17.87805925898444,42.560599999999994,42.560599999999994,20.8542,11,33,7,B_境界候補
960673,950416,34.171809837,134.60502845,34.059905903,134.56014158,13.111343070211813,42.529399999999995,42.529399999999995,17.696399999999997,20,14,7,B_境界候補
960704,960701,32.844998937,131.13214964,32.870736872,130.99621585,13.015556903672262,42.4968,42.4968,18.450499999999998,19,15,7,B_境界候補
111189,191228,33.870214744,133.77310308,33.869573115,133.97860223,18.97299002376137,42.2822,42.2822,21.1384,48,26,7,B_境界候補
020870,950116,43.545927763,144.71904104,43.408688594,144.77432357,15.898871258978463,42.129450000000006,42.129450000000006,20.140050000000002,55,22,7,B_境界候補
161214,950257,36.254556543,136.36497204,36.14561819,136.27895189,14.36351438111551,41.7444,41.7444,16.376,175,14,7,B_境界候補
960704,950466,32.844998937,131.13214964,32.740645812,131.0993058,12.002804873000125,41.7017,41.7017,17.6554,19,11,7,B_境界候補
960607,93064,35.511868032,139.02578033,35.623348895,138.97585916,13.19286425733512,41.657650000000004,41.657650000000004,16.647299999999998,20,16,7,B_境界候補
950333,960643,34.988570841,135.66544075,35.053135545,135.77330685,12.16651609192986,41.4803,41.4803,19.6781,14,15,7,B_境界候補
041130,221247,33.747604757,135.58993511,33.81560892,135.78210712,19.303462279288798,41.2124,41.2124,20.2177,23,13,7,B_境界候補
031111,071156,33.799082034,135.87108955,33.820425343,136.02434747,14.357121036377748,41.205200000000005,41.205200000000005,17.066300000000002,13,26,7,B_境界候補
950221,960591,36.507995511,138.55272312,36.616317688,138.59145583,12.531800994346497,40.87195,40.87195,17.52545,13,27,7,B_境界候補
950175,020914,38.682677337,141.44944034,38.743199691,141.31792799,13.247295208668689,40.76055,40.76055,19.7481,63,10,7,B_境界候補
021027,950393,35.105024148,133.91269369,34.98254237,133.96086716,14.308034724603228,39.8496,39.8496,13.56,96,10,7,B_境界候補
98H023,960622,34.752726313,138.03796875,34.679922668,138.09828998,9.794524279990723,39.7692,39.7692,19.652900000000002,13,7,7,B_境界候補
960607,93031,35.511868032,139.02578033,35.415350964,139.04518341,10.875122442283024,39.76495,39.76495,14.7546,20,12,7,B_境界候補
950387,021030,35.019771713,132.72051045,35.035211147,132.90209895,16.623415775712182,39.6088,39.6088,18.8932,96,37,7,B_境界候補
031106,960637,34.297926721,136.38849373,34.208156556,136.34293366,10.82470830418913,38.9582,38.9582,15.4521,21,67,7,B_境界候補
940083,021051,33.529150591,133.57826513,33.625803396,133.53102877,11.604050128271487,38.778349999999996,38.778349999999996,19.218049999999998,18,23,7,B_境界候補
020937,950202,37.669285308,139.9726925,37.566945074,140.07270971,14.390982016403624,36.563900000000004,36.563900000000004,15.4926,15,10,7,B_境界候補
111189,950419,33.870214744,133.77310308,33.936673859,133.68128793,11.243317489784932,35.8431,35.8431,14.704699999999999,48,12,7,B_境界候補
93066,93031,35.428519197,139.20487095,35.415350964,139.04518341,14.543727224974255,35.43365,35.43365,14.7546,34,12,7,B_境界候補
051144,960620,34.970566776,138.79465879,34.855033177,138.77652401,12.952733094064317,34.0702,34.0702,13.7712,10,21,7,B_境界候補
031122,021055,33.266124909,134.17811148,33.394895297,134.20553094,14.54345111753851,33.6139,33.6139,16.8056,16,10,7,B_境界候補
950441,950424,33.527760661,134.28080183,33.618499387,134.37202714,13.161742098020454,33.588899999999995,33.588899999999995,15.035599999999999,12,11,7,B_境界候補
031121,021055,33.367384102,134.05618998,33.394895297,134.20553094,14.19988341382587,31.700499999999998,31.700499999999998,14.8949,10,10,7,B_境界候補
031121,021053,33.367384102,134.05618998,33.497110609,134.09931541,14.969757760629943,30.4585,30.4585,14.8949,10,12,7,B_境界候補
93085,950297,34.77607503,138.78606249,34.865588812,138.92225491,15.925853301499082,49.76135,49.76135,22.782600000000002,3,32,6,B_境界候補
950490,021092,31.235220993,130.64036363,31.377233745,130.54060045,18.4171537579847,48.79755,48.79755,19.774,11,16,6,B_境界候補
161218,960719,31.513889904,130.50861795,31.624094351,130.6518961,18.287149165272663,48.6232,48.6232,18.6493,17,10,6,B_境界候補
960579,950259,35.968885939,136.18499827,35.945003504,135.98976975,17.77159519119048,48.51944999999999,48.51944999999999,20.446649999999998,122,3,6,B_境界候補
950384,021018,35.392613626,132.74321984,35.491909187,132.92199781,19.601129060326723,48.0916,48.0916,16.2571,13,16,6,B_境界候補
161218,021092,31.513889904,130.50861795,31.377233745,130.54060045,15.495402895601984,47.67285,47.67285,18.6493,17,16,6,B_境界候補
98H023,93092,34.752726313,138.03796875,34.738308217,138.22560516,17.218747162459984,47.3524,47.3524,19.652900000000002,13,53,6,B_境界候補
07S065,02P205,39.157856078,141.83520857,39.019750449,141.7533201,16.904901794715453,47.2202,47.2202,17.668599999999998,84,14,6,B_境界候補
98H023,960625,34.752726313,138.03796875,34.634540153,138.15903903,17.182095124976893,47.057900000000004,47.057900000000004,19.652900000000002,13,25,6,B_境界候補
950218,960589,36.665982716,139.61926267,36.6241737,139.49060441,12.384219162227419,46.7499,46.7499,17.708,8,32,6,B_境界候補
950490,950491,31.235220993,130.64036363,31.106201563,130.72306462,16.362354787413388,46.392,46.392,19.774,11,47,6,B_境界候補
161214,950255,36.254556543,136.36497204,36.394454954,136.38895026,15.703611626897988,46.25065,46.25065,20.88225,175,7,6,B_境界候補
191237,960689,33.291749764,130.10036023,33.196028628,129.94009334,18.314720135402233,46.2194,46.2194,18.892699999999998,29,29,6,B_境界候補
950210,020948,37.126291522,140.25995317,37.124698114,140.03543226,19.906231193100687,46.07155,46.07155,18.28475,10,26,6,B_境界候補
93046,950297,35.014826671,138.99792839,34.865588812,138.92225491,17.970995470385805,45.86024999999999,45.86024999999999,18.8815,27,32,6,B_境界候補
071153,041131,33.774573513,134.11417011,33.722511641,133.94087072,17.036419842481973,44.49425,44.49425,17.548099999999998,13,67,6,B_境界候補
020964,950241,37.107084092,138.45737366,37.231121474,138.3335848,17.622020994348695,44.444950000000006,44.444950000000006,13.99585,159,12,6,B_境界候補
950492,960726,30.530863514,130.96422505,30.39867317,130.90323756,15.818485492250081,43.3527,43.3527,20.1318,7,13,6,B_境界候補
960705,950471,33.537122406,131.35664244,33.496232996,131.16893626,17.985665839990258,43.2492,43.2492,21.0929,15,8,6,B_境界候補
161218,021091,31.513889904,130.50861795,31.450248725,130.34006135,17.48025700523736,42.9023,42.9023,18.6493,17,46,6,B_境界候補
950124,970788,43.120608295,144.12652648,43.101691446,143.90198408,18.34831731988612,42.703900000000004,42.703900000000004,19.463900000000002,12,27,6,B_境界候補
161216,93092,34.779780073,138.02325468,34.738308217,138.22560516,19.05183277519852,42.62650000000001,42.62650000000001,14.927000000000003,14,53,6,B_境界候補
131201,131195,38.411405366,140.85188119,38.548635825,140.85022446,15.26001226126208,42.5666,42.5666,18.1019,32,21,6,B_境界候補
93089,141209,34.84385693,137.93214901,34.943710795,138.08701182,17.96581874396433,42.4379,42.4379,18.256,91,18,6,B_境界候補
031107,071156,33.932947798,136.13996964,33.820425343,136.02434747,16.446384937757255,42.2702,42.2702,18.1313,20,26,6,B_境界候補
020987,960612,35.878418084,138.09571186,36.026163027,138.21448987,19.601136425065686,42.10365,42.10365,17.6805,17,18,6,B_境界候補
940035,970803,38.33101905,140.3661279,38.288975297,140.19995432,15.233914489947203,42.06095,42.06095,17.43645,37,11,6,B_境界候補
02S043,970818,34.876715807,138.01692895,35.044883195,138.08168709,19.608467810112867,41.926,41.926,17.5363,89,14,6,B_境界候補
93093,970820,34.715251301,138.05354374,34.849413101,138.17674712,18.685644605300713,41.8995,41.8995,19.3133,39,13,6,B_境界候補
960554,020929,39.199082534,140.50672786,39.05436725,140.4473721,16.886510195302034,41.86265,41.86265,19.61835,111,21,6,B_境界候補
970825,111188,33.969480985,135.73518157,34.081810241,135.753219,12.600568608507807,41.538399999999996,41.538399999999996,19.3102,17,5,6,B_境界候補
020969,940054,36.592089721,136.80641163,36.663410724,136.64994819,16.057407570860576,41.296,41.296,11.720899999999999,167,11,6,B_境界候補
111189,141207,33.870214744,133.77310308,33.751643887,133.66464451,16.5601733996696,40.941199999999995,40.941199999999995,19.802799999999998,48,20,6,B_境界候補
940059,020988,35.800482991,137.24837765,35.815552359,137.45088449,18.33818739689512,40.8363,40.8363,19.0389,16,17,6,B_境界候補
950124,241253,43.120608295,144.12652648,42.980160264,144.12035501,15.625157578206164,40.796350000000004,40.796350000000004,19.463900000000002,12,86,6,B_境界候補
051144,950297,34.970566776,138.79465879,34.865588812,138.92225491,16.480418966055293,40.74995,40.74995,13.7712,10,32,6,B_境界候補
93076,970815,35.173589524,138.72154411,35.117152245,138.6099761,11.928372927447507,40.3656,40.3656,19.3005,42,7,6,B_境界候補
950153,020901,40.625058851,141.19784249,40.5087477,141.33200761,17.195920087526414,40.296350000000004,40.296350000000004,19.56355,26,12,6,B_境界候補
93046,161217,35.014826671,138.99792839,35.149581889,139.11052537,18.152031409367513,40.209900000000005,40.209900000000005,18.8815,27,11,6,B_境界候補
031106,020999,34.297926721,136.38849373,34.420325141,136.47445931,15.732231401583919,40.1572,40.1572,15.4521,21,26,6,B_境界候補
021000,221247,33.877001603,135.92830434,33.81560892,135.78210712,15.129180943879687,40.140150000000006,40.140150000000006,19.92245,14,13,6,B_境界候補
031107,940066,33.932947798,136.13996964,34.060656892,136.1983656,15.186781312266648,40.044399999999996,40.044399999999996,18.1313,20,15,6,B_境界候補
940059,960619,35.800482991,137.24837765,35.911633847,137.20067369,13.0857996831979,39.778099999999995,39.778099999999995,19.0389,16,9,6,B_境界候補
970825,221247,33.969480985,135.73518157,33.81560892,135.78210712,17.649504943683997,39.5279,39.5279,19.3102,17,13,6,B_境界候補
950345,960649,35.090783476,134.97259299,34.936188116,134.94503866,17.372411193248222,39.4018,39.4018,17.7057,10,25,6,B_境界候補
021003,960643,35.155181263,135.63421564,35.053135545,135.77330685,16.995682707608214,39.3458,39.3458,17.543599999999998,19,15,6,B_境界候補
93066,950230,35.428519197,139.20487095,35.268600273,139.14241802,18.66250368136183,39.274,39.274,18.59495,34,17,6,B_境界候補
950221,03S046,36.507995511,138.55272312,36.379950241,138.47795214,15.730621877511627,39.23525,39.23525,17.52545,13,36,6,B_境界候補
960534,020897,41.185071796,140.49077538,41.121716296,140.29353803,17.953456058993485,39.2154,39.2154,18.0053,11,12,6,B_境界候補
950441,950440,33.527760661,134.28080183,33.603787681,134.10690607,18.195172084736246,39.16635,39.16635,18.5533,12,12,6,B_境界候補
161218,960722,31.513889904,130.50861795,31.49614881,130.69940896,18.195038994704184,38.9713,38.9713,18.6493,17,11,6,B_境界候補
98H023,970820,34.752726313,138.03796875,34.849413101,138.17674712,16.61772998477733,38.9662,38.9662,19.3133,13,13,6,B_境界候補
021012,221247,33.668758095,135.88208824,33.81560892,135.78210712,18.764361204873175,38.9049,38.9049,18.6872,41,13,6,B_境界候補
950400,950403,34.678814324,132.5402449,34.539156789,132.46347323,17.044692764387573,38.79835,38.79835,17.139,31,24,6,B_境界候補
071153,191228,33.774573513,134.11417011,33.869573115,133.97860223,16.383610491247726,38.6919,38.6919,17.548099999999998,13,26,6,B_境界候補
950210,020942,37.126291522,140.25995317,37.293039213,140.2127732,19.006431352425047,38.61279999999999,38.61279999999999,18.28475,10,17,6,B_境界候補
960557,970803,38.148090316,140.27117602,38.288975297,140.19995432,16.85607497679108,38.4043,38.4043,17.43645,61,11,6,B_境界候補
231252,960711,32.431935139,131.62719961,32.557046378,131.5306786,16.597645010635283,38.4033,38.4033,17.1067,14,40,6,B_境界候補
021008,950312,34.493870917,136.17315151,34.433139102,136.33426068,16.240850907963036,38.34475,38.34475,18.0917,41,18,6,B_境界候補
221248,161217,35.007072958,139.08060093,35.149581889,139.11052537,16.078538212950924,38.1733,38.1733,16.8449,10,11,6,B_境界候補
071153,950440,33.774573513,134.11417011,33.603787681,134.10690607,19.002406670126682,38.16115,38.16115,17.548099999999998,13,12,6,B_境界候補
020916,020914,38.660611379,141.16078104,38.743199691,141.31792799,16.44074051046633,38.14425,38.14425,17.1318,12,10,6,B_境界候補
161218,960776,31.513889904,130.50861795,31.67509829,130.46945723,18.305258237251724,38.1278,38.1278,18.6493,17,24,6,B_境界候補
950334,960763,34.746969904,135.86415381,34.698333977,135.70603181,15.430053625990354,37.969899999999996,37.969899999999996,15.069899999999999,14,11,6,B_境界候補
071153,960675,33.774573513,134.11417011,33.789531304,134.30146886,17.38998669818173,37.96835,37.96835,17.548099999999998,13,15,6,B_境界候補
051141,950447,33.103913131,132.96168705,33.171644954,132.79269145,17.444722889512075,37.8636,37.8636,17.4033,25,14,6,B_境界候補
950334,950335,34.746969904,135.86415381,34.777837244,135.68545666,16.680786171895306,37.8401,37.8401,14.9401,14,14,6,B_境界候補
960771,950451,33.346485769,130.44452069,33.50037764,130.52196379,18.56005691234874,37.66165,37.66165,15.58185,13,10,6,B_境界候補
950153,960539,40.625058851,141.19784249,40.676388222,141.37622102,16.09456716004532,37.5739,37.5739,16.8411,26,18,6,B_境界候補
020938,950201,37.591086076,140.57168542,37.560547027,140.75511477,16.517939206201962,37.398700000000005,37.398700000000005,17.716450000000002,31,16,6,B_境界候補
021036,021035,34.069230887,132.53163334,34.184635437,132.69196487,19.55681318280925,37.03345,37.03345,12.50075,12,42,6,B_境界候補
960516,020877,43.248408923,141.89093348,43.220892069,141.65202907,19.594381506489146,36.497150000000005,36.497150000000005,15.446150000000001,10,12,6,B_境界候補
031125,031126,32.86948362,132.98216935,32.762100645,132.81065621,19.986704340341,36.4611,36.4611,15.8249,11,10,6,B_境界候補
960534,950151,41.185071796,140.49077538,41.04321398,140.63590132,19.915512644151903,36.4362,36.4362,18.0053,11,19,6,B_境界候補
93071,93072,35.362077485,138.56343825,35.305538829,138.77067812,19.822586256734596,36.009,36.009,15.0497,12,10,6,B_境界候補
031106,950312,34.297926721,136.38849373,34.433139102,136.33426068,15.837552437226435,35.705149999999996,35.705149999999996,15.4521,21,18,6,B_境界候補
020991,950283,35.723487217,136.78462465,35.757782246,136.9753065,17.627145513905877,35.64535000000001,35.64535000000001,14.788900000000002,29,17,6,B_境界候補
950441,021055,33.527760661,134.28080183,33.394895297,134.20553094,16.34090968176428,35.3589,35.3589,16.8056,12,10,6,B_境界候補
161216,960622,34.779780073,138.02325468,34.679922668,138.09828998,13.050318512723841,35.0433,35.0433,14.927000000000003,14,7,6,B_境界候補
970799,970803,38.434335075,140.0946678,38.288975297,140.19995432,18.588175025645125,34.988150000000005,34.988150000000005,17.43645,23,11,6,B_境界候補
020973,940054,36.53726457,136.54068318,36.663410724,136.64994819,17.08482076255827,34.73845,34.73845,11.720899999999999,108,11,6,B_境界候補
93076,93072,35.173589524,138.72154411,35.305538829,138.77067812,15.335645863870477,34.3502,34.3502,15.0497,42,10,6,B_境界候補
93099,020995,34.937675171,137.57549517,35.100022413,137.57533444,18.052195598924282,34.2683,34.2683,16.5786,13,36,6,B_境界候補
161216,970820,34.779780073,138.02325468,34.849413101,138.17674712,16.009465199029812,34.240300000000005,34.240300000000005,14.927000000000003,14,13,6,B_境界候補
940067,950335,34.837997639,135.50097808,34.777837244,135.68545666,18.12251797704951,34.2183,34.2183,14.9401,18,14,6,B_境界候補
950441,021053,33.527760661,134.28080183,33.497110609,134.09931541,17.16740054214762,34.1169,34.1169,15.5636,12,12,6,B_境界候補
970823,950341,35.283342679,134.5882152,35.436745621,134.58249942,17.065502113501974,33.6482,33.6482,15.3354,15,21,6,B_境界候補
161216,141209,34.779780073,138.02325468,34.943710795,138.08701182,19.13396980211724,33.18300000000001,33.18300000000001,14.927000000000003,14,18,6,B_境界候補
021003,960642,35.155181263,135.63421564,35.275858584,135.54952752,15.467754654400638,32.1934,32.1934,14.6498,19,17,6,B_境界候補
950326,950310,34.869325699,136.05483189,34.742874062,136.18345469,18.31972195487577,31.8988,31.8988,15.5032,18,20,6,B_境界候補
950427,950428,34.217393702,133.71506882,34.068074543,133.64752087,17.72910048781701,30.710499999999996,30.710499999999996,15.326799999999999,10,14,6,B_境界候補
020944,950205,37.183086698,140.71602849,37.32546354,140.6621458,16.534266226820346,30.57335,30.57335,13.219899999999999,11,15,6,B_境界候補
021015,950379,35.506934864,133.49514155,35.345534459,133.43907704,18.651998242981623,47.042,47.042,16.056600000000003,3,12,5,B_境界候補
960772,950455,32.945584656,129.9896912,33.098473453,130.09417378,19.593522826564133,43.748850000000004,43.748850000000004,17.94075,14,6,5,B_境界候補
950218,020950,36.665982716,139.61926267,36.537631782,139.75280446,18.595610410585763,42.0724,42.0724,13.0305,8,10,5,B_境界候補
021062,950450,33.683068502,130.29691012,33.536140972,130.25082618,16.88579183182461,39.96585,39.96585,18.25855,14,4,5,B_境界候補
191237,950454,33.291749764,130.10036023,33.274849877,130.26872327,15.762656204192291,38.9116,38.9116,18.892699999999998,29,7,5,B_境界候補
021037,051147,34.195271727,131.7353312,34.043786835,131.83500743,19.181375629099012,38.816050000000004,38.816050000000004,18.30665,48,5,5,B_境界候補
960697,960773,32.660648463,130.2907218,32.581671435,130.43045143,15.75980521022287,38.69095,38.69095,18.60755,12,8,5,B_境界候補
93096,960622,34.755393242,137.91127878,34.679922668,138.09828998,19.04156180276687,36.9942,36.9942,16.8779,54,7,5,B_境界候補
960771,950454,33.346485769,130.44452069,33.274849877,130.26872327,18.174724651313667,35.600750000000005,35.600750000000005,15.58185,13,7,5,B_境界候補
